Employee ID,Engagement Score,Satisfaction Score,Work-Life Balance Score
1001,2,5,5
1002,4,5,3
1003,2,5,2
1004,3,5,3
1005,2,4,5
1006,5,2,1
1007,2,1,5
1008,5,2,2
1009,2,5,1
1010,2,4,2
1011,1,2,3
1012,3,5,4
1013,5,4,3
1014,4,4,1
1015,1,1,3
1016,2,3,2
1017,4,1,3
1018,4,1,4
1019,1,3,5
1020,2,1,2
1021,5,1,4
1022,1,4,4
1023,4,4,3
1024,5,3,1
1025,4,1,4
1026,5,2,5
1027,2,3,5
1028,5,5,4
1029,3,5,4
1030,4,4,1
1031,5,3,2
1032,5,4,4
1033,3,1,3
1034,2,5,1
1035,1,5,5
1036,5,2,1
1037,5,1,4
1038,5,1,2
1039,2,4,5
1040,5,3,1
1041,3,1,4
1042,1,3,4
1043,1,1,3
1044,2,4,5
1045,1,4,1
1046,3,5,4
1047,4,2,3
1048,3,1,4
1049,3,5,2
1050,4,5,1
1051,2,4,5
1052,1,4,4
1053,2,1,4
1054,1,5,2
1055,3,4,1
1056,4,2,2
1057,3,2,5
1058,4,2,1
1059,4,3,3
1060,5,5,4
1061,3,3,1
1062,3,2,1
1063,5,2,4
1064,5,4,4
1065,5,3,4
1066,4,3,5
1067,3,2,5
1068,3,2,2
1069,3,1,2
1070,3,1,2
1071,1,2,2
1072,2,2,3
1073,4,4,2
1074,3,4,1
1075,1,2,3
1076,1,3,1
1077,5,2,4
1078,3,3,4
1079,2,2,1
1080,3,1,3
1081,1,3,3
1082,1,4,1
1083,5,5,3
1084,1,2,4
1085,5,5,3
1086,1,1,5
1087,1,5,2
1088,4,3,1
1089,3,1,5
1090,4,3,4
1091,2,4,3
1092,1,4,1
1093,3,1,4
1094,5,4,5
1095,1,2,1
1096,1,3,2
1097,1,2,5
1098,2,2,2
1099,1,5,5
1100,1,4,5
1101,1,1,3
1102,5,1,4
1103,5,3,1
1104,1,4,2
1105,1,4,1
1106,2,3,3
1107,4,5,1
1108,4,5,3
1109,4,5,4
1110,1,1,4
1111,4,1,1
1112,4,1,1
1113,3,3,5
1114,1,3,3
1115,4,1,3
1116,3,4,4
1117,4,5,1
1118,1,5,3
1119,4,4,5
1120,3,3,4
1121,1,1,4
1122,2,1,2
1123,2,3,1
1124,3,2,3
1125,4,3,4
1126,3,3,2
1127,5,1,3
1128,4,2,4
1129,1,1,1
1130,1,5,4
1131,4,4,4
1132,1,5,5
1133,1,2,4
1134,4,1,2
1135,5,4,4
1136,2,5,2
1137,3,3,5
1138,4,5,1
1139,2,4,2
1140,5,3,2
1141,5,5,2
1142,4,4,4
1143,2,4,2
1144,5,3,2
1145,3,3,4
1146,3,2,2
1147,1,3,5
1148,4,1,3
1149,3,2,5
1150,3,4,4
1151,5,3,1
1152,1,1,5
1153,3,4,2
1154,1,3,2
1155,2,3,1
1156,1,5,2
1157,1,4,2
1158,2,4,4
1159,1,2,4
1160,4,2,3
1161,3,4,4
1162,3,3,2
1163,1,2,3
1164,5,5,5
1165,3,3,1
1166,2,1,4
1167,2,3,4
1168,2,2,2
1169,1,3,2
1170,1,5,4
1171,4,1,4
1172,1,3,2
1173,5,5,2
1174,2,1,5
1175,2,1,2
1176,2,2,5
1177,2,2,5
1178,2,1,2
1179,3,5,1
1180,4,3,1
1181,5,5,4
1182,2,4,5
1183,4,5,5
1184,1,3,1
1185,1,2,4
1186,3,3,5
1187,4,1,1
1188,4,1,1
1189,5,5,3
1190,2,5,3
1191,4,4,4
1192,3,1,1
1193,5,2,3
1194,5,4,2
1195,5,3,2
1196,4,5,4
1197,3,5,4
1198,3,2,2
1199,3,3,3
1200,4,5,1
1201,2,4,4
1202,1,3,2
1203,3,5,3
1204,1,4,3
1205,2,1,2
1206,3,4,2
1207,2,1,2
1208,5,1,5
1209,1,3,1
1210,4,5,1
1211,3,3,1
1212,4,5,4
1213,1,2,4
1214,1,5,3
1215,2,1,5
1216,4,1,1
1217,5,5,1
1218,2,3,1
1219,2,2,2
1220,5,2,4
1221,5,5,3
1222,5,2,1
1223,4,1,4
1224,4,2,3
1225,1,2,4
1226,4,5,4
1227,1,2,2
1228,2,5,3
1229,4,2,5
1230,5,4,4
1231,2,2,1
1232,2,1,5
1233,5,5,3
1234,4,1,5
1235,5,5,3
1236,1,4,1
1237,4,3,1
1238,1,3,3
1239,4,5,5
1240,1,4,3
1241,4,4,3
1242,4,4,1
1243,5,2,3
1244,2,3,5
1245,3,5,5
1246,4,3,2
1247,2,4,5
1248,5,3,2
1249,2,4,2
1250,4,5,1
1251,5,5,3
1252,2,3,2
1253,2,4,2
1254,3,1,5
1255,3,1,1
1256,4,4,2
1257,2,1,1
1258,3,5,4
1259,1,3,4
1260,5,2,5
1261,2,5,4
1262,3,4,1
1263,4,5,3
1264,3,5,4
1265,4,2,5
1266,1,3,1
1267,4,1,5
1268,2,1,2
1269,1,2,4
1270,5,5,1
1271,3,1,5
1272,4,2,3
1273,1,4,2
1274,2,1,5
1275,2,5,3
1276,1,4,5
1277,4,3,3
1278,2,4,5
1279,3,3,5
1280,3,2,2
1281,4,2,1
1282,3,3,1
1283,2,1,2
1284,5,1,5
1285,3,2,2
1286,1,5,1
1287,3,5,2
1288,2,4,5
1289,5,3,1
1290,5,4,2
1291,5,4,5
1292,1,4,3
1293,2,3,2
1294,5,4,2
1295,3,3,3
1296,1,1,5
1297,2,4,4
1298,1,2,1
1299,1,2,2
1300,1,3,1
1301,1,4,2
1302,1,2,4
1303,5,3,5
1304,3,5,1
1305,2,5,2
1306,1,3,5
1307,1,5,1
1308,4,5,2
1309,1,1,3
1310,3,4,3
1311,5,2,3
1312,2,5,2
1313,5,4,1
1314,5,5,3
1315,5,1,1
1316,3,4,3
1317,4,2,2
1318,5,4,2
1319,4,2,5
1320,5,1,5
1321,1,5,5
1322,1,5,2
1323,5,1,5
1324,5,3,3
1325,1,5,3
1326,5,3,1
1327,5,3,4
1328,1,4,3
1329,3,2,5
1330,3,5,2
1331,3,2,5
1332,1,2,5
1333,3,4,5
1334,1,3,1
1335,4,5,5
1336,5,1,4
1337,3,3,4
1338,1,1,1
1339,1,3,2
1340,5,4,4
1341,1,3,4
1342,3,2,2
1343,1,2,3
1344,1,4,5
1345,2,4,4
1346,4,2,3
1347,4,3,1
1348,2,2,4
1349,1,2,3
1350,3,4,5
1351,4,1,5
1352,4,2,1
1353,5,1,5
1354,4,4,2
1355,2,2,3
1356,1,1,1
1357,1,4,3
1358,1,2,5
1359,4,5,1
1360,5,2,1
1361,1,3,2
1362,5,2,5
1363,5,2,2
1364,2,2,4
1365,5,1,2
1366,1,4,2
1367,1,4,3
1368,2,2,2
1369,2,4,3
1370,1,2,1
1371,1,1,2
1372,3,1,4
1373,1,2,5
1374,5,5,4
1375,1,3,2
1376,4,3,5
1377,5,5,4
1378,1,4,5
1379,5,2,5
1380,1,1,2
1381,2,2,1
1382,2,1,1
1383,4,1,5
1384,2,3,4
1385,3,1,3
1386,2,4,5
1387,5,1,2
1388,5,2,4
1389,4,4,3
1390,2,3,4
1391,4,1,1
1392,4,4,3
1393,4,4,4
1394,1,2,2
1395,4,1,2
1396,2,1,3
1397,3,2,3
1398,1,1,1
1399,1,4,4
1400,2,3,3
1401,2,5,3
1402,2,4,4
1403,1,3,2
1404,1,2,2
1405,3,3,3
1406,4,1,5
1407,3,3,1
1408,3,3,3
1409,2,2,1
1410,2,2,4
1411,5,4,5
1412,4,3,5
1413,4,3,2
1414,1,4,4
1415,2,2,1
1416,5,4,3
1417,3,5,2
1418,2,1,3
1419,4,2,1
1420,1,2,4
1421,3,5,5
1422,1,5,2
1423,2,5,5
1424,4,4,5
1425,2,3,1
1426,4,5,5
1427,1,2,3
1428,3,5,2
1429,1,4,3
1430,2,2,2
1431,2,1,1
1432,4,3,4
1433,5,1,3
1434,1,2,3
1435,4,2,3
1436,1,2,2
1437,4,5,5
1438,1,4,1
1439,3,1,3
1440,3,1,4
1441,1,1,5
1442,2,4,2
1443,5,2,3
1444,5,5,3
1445,2,2,4
1446,1,1,5
1447,4,4,1
1448,1,1,3
1449,4,2,2
1450,5,1,2
1451,4,3,4
1452,4,4,5
1453,1,5,1
1454,2,2,1
1455,2,2,4
1456,2,1,5
1457,2,1,1
1458,2,2,4
1459,5,2,5
1460,2,3,1
1461,1,1,2
1462,4,5,5
1463,5,4,5
1464,2,5,1
1465,1,1,3
1466,1,4,5
1467,3,4,2
1468,3,1,3
1469,4,2,4
1470,1,4,1
1471,3,4,2
1472,2,4,1
1473,5,2,1
1474,2,1,3
1475,2,3,3
1476,1,4,1
1477,5,5,3
1478,1,1,3
1479,3,4,2
1480,5,1,4
1481,3,5,3
1482,1,1,1
1483,3,5,4
1484,5,2,1
1485,1,2,1
1486,5,5,2
1487,4,4,2
1488,2,2,4
1489,3,5,2
1490,2,3,4
1491,1,3,3
1492,4,5,2
1493,2,2,4
1494,5,5,5
1495,3,3,4
1496,2,3,3
1497,5,4,5
1498,1,5,3
1499,4,2,3
1500,1,4,4
1501,5,4,4
1502,5,3,5
1503,2,2,4
1504,5,3,2
1505,2,5,4
1506,2,3,2
1507,1,2,1
1508,4,3,2
1509,5,1,3
1510,2,3,3
1511,2,3,2
1512,4,5,2
1513,5,3,5
1514,1,3,2
1515,2,3,1
1516,1,5,3
1517,4,5,3
1518,4,4,2
1519,1,3,1
1520,2,2,5
1521,4,1,3
1522,3,4,5
1523,4,4,3
1524,4,1,2
1525,2,4,1
1526,2,3,3
1527,1,1,3
1528,5,5,2
1529,3,1,3
1530,1,2,3
1531,5,5,3
1532,5,2,2
1533,1,3,2
1534,1,1,5
1535,4,2,1
1536,5,3,5
1537,5,2,4
1538,2,4,5
1539,4,4,5
1540,2,4,2
1541,1,4,1
1542,5,4,4
1543,4,1,1
1544,5,1,5
1545,2,4,2
1546,3,1,5
1547,4,4,4
1548,1,4,4
1549,2,3,1
1550,2,3,3
1551,4,4,2
1552,3,2,4
1553,3,1,5
1554,1,3,3
1555,5,1,2
1556,4,5,2
1557,4,1,2
1558,3,5,2
1559,3,1,3
1560,1,2,4
1561,5,1,3
1562,3,2,1
1563,1,4,3
1564,4,1,4
1565,5,4,5
1566,1,4,1
1567,4,2,4
1568,1,2,3
1569,1,3,1
1570,1,4,5
1571,3,2,4
1572,2,4,3
1573,1,1,3
1574,4,3,2
1575,2,3,2
1576,5,2,3
1577,5,2,1
1578,5,5,1
1579,1,3,1
1580,1,1,5
1581,1,3,5
1582,2,1,5
1583,3,3,3
1584,4,1,4
1585,5,4,4
1586,3,3,4
1587,4,5,3
1588,1,5,5
1589,2,1,1
1590,5,1,3
1591,4,3,1
1592,1,1,4
1593,1,4,1
1594,1,1,4
1595,3,4,3
1596,4,4,1
1597,2,1,4
1598,2,5,5
1599,4,5,2
1600,5,3,2
1601,4,2,5
1602,2,1,3
1603,2,5,1
1604,1,5,1
1605,2,3,3
1606,5,4,3
1607,3,5,5
1608,2,4,3
1609,5,5,4
1610,4,5,5
1611,1,2,2
1612,5,5,3
1613,4,2,1
1614,1,4,2
1615,1,1,3
1616,3,4,1
1617,5,1,2
1618,2,5,4
1619,4,2,2
1620,5,3,2
1621,4,1,3
1622,1,5,5
1623,1,2,2
1624,5,1,3
1625,5,2,2
1626,3,4,5
1627,4,4,1
1628,4,4,2
1629,1,2,4
1630,4,3,2
1631,2,4,1
1632,5,4,4
1633,4,3,2
1634,2,3,1
1635,4,4,2
1636,4,5,2
1637,4,1,2
1638,2,4,5
1639,1,2,1
1640,2,4,1
1641,5,4,4
1642,3,2,2
1643,5,3,4
1644,3,1,1
1645,5,5,5
1646,2,2,1
1647,4,2,5
1648,4,4,5
1649,3,1,2
1650,5,1,3
1651,4,4,4
1652,1,4,4
1653,2,4,5
1654,2,3,3
1655,3,1,2
1656,1,4,5
1657,1,5,1
1658,2,1,2
1659,4,5,5
1660,5,5,1
1661,5,4,4
1662,2,4,5
1663,4,2,4
1664,2,1,1
1665,4,2,3
1666,3,3,4
1667,1,3,5
1668,2,1,3
1669,3,1,2
1670,2,2,2
1671,5,3,5
1672,1,3,4
1673,3,5,5
1674,1,5,5
1675,4,1,4
1676,2,5,1
1677,5,4,5
1678,2,1,1
1679,5,4,3
1680,5,4,5
1681,2,3,4
1682,5,3,4
1683,2,4,4
1684,2,4,3
1685,1,4,2
1686,2,4,2
1687,3,4,5
1688,1,4,5
1689,5,3,5
1690,3,1,5
1691,3,1,2
1692,2,2,1
1693,3,5,1
1694,3,5,3
1695,3,3,3
1696,4,4,1
1697,1,5,2
1698,3,5,4
1699,2,4,3
1700,5,2,4
1701,5,3,2
1702,4,1,2
1703,1,1,4
1704,4,4,3
1705,4,4,1
1706,3,2,5
1707,5,4,3
1708,4,5,4
1709,5,4,2
1710,1,2,3
1711,5,1,4
1712,3,2,3
1713,4,4,5
1714,1,2,3
1715,2,2,5
1716,2,1,1
1717,4,2,5
1718,5,4,5
1719,2,3,1
1720,4,3,2
1721,5,4,4
1722,2,2,4
1723,5,1,5
1724,4,2,2
1725,2,4,5
1726,3,5,3
1727,4,2,4
1728,1,4,2
1729,1,1,2
1730,2,4,4
1731,1,4,1
1732,1,5,4
1733,4,5,3
1734,4,1,4
1735,4,4,5
1736,3,1,3
1737,4,5,2
1738,4,1,2
1739,2,5,1
1740,5,4,4
1741,3,4,2
1742,5,5,3
1743,4,1,5
1744,2,1,4
1745,4,4,3
1746,4,3,4
1747,1,4,4
1748,3,2,4
1749,1,4,5
1750,1,2,5
1751,4,4,1
1752,2,1,2
1753,5,3,3
1754,5,5,1
1755,4,1,1
1756,2,4,4
1757,5,4,5
1758,5,3,5
1759,5,2,4
1760,5,3,2
1761,3,2,1
1762,3,3,5
1763,4,2,4
1764,2,3,5
1765,5,5,2
1766,1,5,2
1767,4,1,1
1768,3,3,3
1769,4,3,5
1770,1,3,5
1771,3,2,1
1772,3,4,5
1773,5,5,2
1774,1,1,2
1775,4,2,3
1776,3,2,3
1777,1,3,1
1778,3,5,4
1779,5,3,4
1780,2,3,2
1781,2,2,4
1782,3,4,1
1783,5,2,4
1784,2,3,1
1785,4,4,5
1786,4,2,1
1787,2,5,3
1788,2,5,1
1789,4,3,1
1790,4,5,4
1791,4,5,3
1792,2,3,5
1793,1,1,2
1794,4,4,2
1795,5,1,4
1796,3,5,2
1797,3,3,5
1798,3,2,4
1799,2,5,3
1800,4,3,5
1801,3,4,3
1802,4,2,5
1803,1,3,1
1804,3,3,5
1805,3,3,1
1806,1,2,5
1807,1,4,4
1808,5,2,4
1809,5,2,1
1810,5,1,4
1811,2,5,1
1812,4,2,5
1813,3,5,3
1814,3,3,1
1815,1,4,5
1816,4,3,1
1817,3,1,5
1818,3,1,3
1819,3,1,1
1820,5,4,3
1821,1,2,1
1822,5,2,2
1823,4,4,3
1824,3,1,1
1825,1,3,3
1826,3,2,5
1827,1,3,5
1828,3,3,2
1829,2,1,2
1830,1,4,1
1831,2,2,2
1832,1,2,4
1833,4,3,2
1834,4,5,1
1835,5,2,2
1836,1,4,3
1837,1,3,3
1838,2,1,1
1839,3,3,3
1840,5,1,4
1841,3,5,3
1842,1,4,4
1843,1,5,4
1844,2,1,4
1845,1,2,5
1846,5,4,1
1847,5,2,3
1848,2,4,5
1849,2,4,4
1850,3,1,2
1851,1,1,4
1852,3,4,1
1853,4,3,5
1854,1,2,5
1855,3,3,3
1856,2,3,3
1857,1,4,1
1858,2,4,1
1859,4,2,5
1860,1,4,3
1861,1,2,4
1862,5,4,4
1863,5,2,2
1864,3,2,1
1865,1,3,4
1866,3,5,2
1867,1,5,2
1868,5,3,3
1869,1,2,3
1870,2,5,3
1871,1,4,3
1872,1,2,5
1873,5,2,3
1874,2,4,4
1875,3,1,4
1876,4,2,1
1877,2,3,2
1878,5,3,3
1879,2,3,4
1880,5,1,2
1881,3,5,3
1882,1,4,2
1883,3,4,2
1884,1,3,3
1885,1,2,4
1886,3,2,5
1887,2,3,3
1888,1,5,1
1889,5,4,4
1890,1,3,2
1891,2,5,2
1892,3,3,3
1893,2,3,4
1894,3,1,5
1895,4,5,2
1896,1,1,3
1897,2,4,5
1898,4,5,5
1899,2,4,5
1900,2,2,5
1901,4,1,5
1902,2,5,3
1903,5,5,2
1904,5,1,4
1905,5,2,1
1906,1,4,5
1907,2,4,5
1908,4,2,5
1909,3,5,2
1910,1,4,1
1911,3,4,3
1912,2,5,1
1913,5,4,2
1914,4,4,5
1915,2,3,5
1916,3,4,3
1917,5,2,3
1918,3,5,5
1919,2,3,3
1920,2,5,3
1921,3,2,5
1922,1,1,3
1923,3,4,4
1924,3,5,1
1925,1,5,3
1926,3,4,2
1927,3,2,1
1928,4,5,5
1929,4,1,3
1930,3,3,4
1931,2,3,4
1932,5,5,2
1933,2,4,5
1934,2,5,2
1935,5,1,4
1936,3,3,5
1937,4,5,4
1938,1,4,3
1939,4,5,3
1940,3,4,5
1941,3,5,4
1942,2,4,2
1943,5,5,4
1944,1,4,1
1945,1,3,4
1946,3,5,1
1947,1,3,3
1948,2,1,5
1949,5,3,4
1950,3,2,1
1951,4,1,3
1952,2,5,2
1953,4,5,4
1954,1,1,5
1955,2,3,4
1956,1,5,4
1957,5,2,2
1958,4,2,5
1959,5,3,4
1960,3,4,1
1961,2,3,1
1962,2,4,1
1963,2,5,3
1964,5,5,5
1965,3,1,1
1966,4,3,2
1967,4,2,4
1968,1,4,2
1969,4,3,3
1970,5,4,4
1971,3,2,1
1972,2,2,3
1973,4,2,3
1974,4,1,3
1975,4,4,3
1976,1,5,1
1977,2,5,4
1978,3,5,1
1979,1,4,5
1980,5,4,5
1981,5,4,3
1982,3,5,5
1983,2,5,1
1984,5,2,2
1985,5,5,2
1986,1,4,2
1987,5,1,3
1988,1,3,5
1989,4,2,5
1990,3,1,1
1991,2,1,3
1992,4,3,3
1993,5,2,4
1994,5,5,1
1995,4,3,1
1996,3,5,2
1997,3,3,2
1998,2,4,3
1999,3,2,2
2000,1,3,3
2001,5,3,5
2002,1,4,2
2003,5,5,1
2004,3,3,4
2005,2,1,2
2006,5,5,2
2007,4,1,5
2008,1,2,2
2009,5,2,2
2010,4,4,4
2011,3,2,2
2012,2,3,2
2013,4,5,4
2014,2,5,4
2015,4,3,1
2016,1,3,5
2017,2,5,4
2018,5,2,1
2019,2,1,4
2020,2,1,4
2021,1,3,4
2022,5,3,5
2023,3,4,4
2024,2,1,5
2025,1,2,4
2026,2,4,4
2027,3,1,3
2028,4,4,4
2029,2,5,1
2030,4,1,5
2031,1,3,1
2032,5,2,4
2033,4,1,5
2034,2,4,1
2035,4,2,3
2036,4,3,4
2037,2,5,4
2038,5,3,2
2039,5,2,2
2040,1,2,5
2041,1,1,5
2042,5,2,1
2043,1,3,3
2044,5,1,5
2045,3,1,4
2046,2,2,4
2047,3,5,3
2048,2,5,4
2049,3,1,3
2050,5,4,5
2051,5,2,4
2052,1,4,4
2053,5,3,1
2054,4,5,3
2055,5,4,2
2056,3,4,1
2057,4,1,3
2058,5,5,4
2059,4,4,5
2060,5,5,5
2061,2,4,3
2062,4,1,2
2063,4,5,3
2064,1,3,5
2065,5,4,4
2066,1,5,1
2067,5,2,1
2068,4,3,5
2069,3,1,5
2070,3,4,5
2071,2,1,5
2072,5,4,1
2073,1,2,2
2074,3,2,4
2075,4,5,2
2076,5,5,1
2077,4,1,1
2078,5,5,2
2079,4,2,3
2080,4,1,4
2081,1,1,4
2082,4,2,4
2083,2,2,4
2084,3,2,2
2085,3,4,4
2086,5,4,3
2087,4,4,1
2088,2,1,2
2089,5,3,3
2090,3,4,3
2091,3,1,1
2092,1,2,3
2093,2,3,1
2094,2,5,5
2095,5,3,1
2096,3,4,4
2097,2,1,4
2098,2,4,1
2099,1,4,5
2100,1,1,1
2101,4,4,2
2102,1,1,3
2103,1,4,5
2104,1,4,3
2105,3,4,2
2106,5,5,1
2107,4,1,1
2108,1,2,4
2109,3,3,5
2110,1,4,2
2111,2,3,1
2112,4,3,1
2113,5,1,5
2114,5,4,1
2115,5,2,1
2116,1,4,2
2117,2,3,2
2118,3,2,4
2119,1,2,3
2120,4,4,1
2121,4,1,3
2122,3,3,2
2123,3,5,3
2124,4,1,5
2125,4,5,3
2126,3,4,4
2127,2,2,3
2128,1,3,1
2129,5,5,2
2130,3,5,2
2131,1,2,1
2132,2,3,3
2133,2,3,2
2134,4,2,5
2135,2,2,4
2136,2,2,2
2137,1,3,3
2138,1,5,2
2139,1,4,4
2140,4,5,4
2141,2,3,3
2142,2,5,1
2143,2,1,1
2144,2,5,4
2145,3,3,5
2146,3,1,1
2147,2,1,2
2148,1,1,2
2149,5,3,5
2150,2,1,1
2151,4,4,4
2152,3,1,4
2153,3,5,3
2154,1,3,2
2155,1,2,4
2156,5,1,3
2157,4,2,5
2158,2,4,3
2159,1,1,1
2160,1,1,5
2161,1,4,3
2162,3,5,4
2163,5,5,4
2164,3,1,3
2165,5,3,3
2166,2,2,1
2167,2,4,2
2168,5,1,4
2169,5,2,4
2170,1,5,2
2171,1,3,2
2172,2,4,1
2173,1,4,3
2174,1,1,5
2175,1,3,3
2176,2,1,1
2177,4,2,1
2178,4,1,5
2179,1,3,1
2180,4,4,4
2181,2,1,4
2182,1,1,2
2183,4,4,2
2184,2,4,4
2185,4,5,5
2186,4,1,1
2187,2,1,5
2188,5,4,2
2189,1,2,4
2190,5,2,3
2191,2,2,3
2192,5,3,4
2193,2,2,3
2194,1,4,1
2195,1,5,1
2196,5,2,3
2197,2,3,1
2198,2,4,2
2199,4,3,4
2200,3,1,5
2201,5,1,5
2202,5,4,5
2203,1,4,1
2204,5,2,3
2205,2,3,5
2206,2,4,3
2207,3,3,1
2208,5,3,3
2209,2,2,5
2210,1,5,3
2211,1,5,3
2212,4,1,5
2213,1,4,2
2214,1,1,5
2215,1,5,5
2216,4,5,2
2217,2,1,2
2218,4,1,5
2219,5,2,2
2220,3,3,5
2221,1,5,1
2222,2,3,5
2223,1,1,4
2224,2,1,3
2225,1,2,2
2226,4,4,5
2227,2,3,4
2228,3,2,2
2229,3,1,1
2230,1,5,5
2231,1,2,2
2232,4,5,2
2233,5,1,1
2234,1,1,4
2235,3,5,3
2236,2,1,2
2237,2,5,2
2238,4,4,3
2239,1,3,4
2240,2,4,5
2241,4,4,4
2242,3,2,4
2243,1,3,5
2244,4,2,1
2245,2,4,4
2246,3,4,5
2247,3,4,4
2248,1,5,5
2249,3,5,5
2250,4,2,1
2251,4,4,4
2252,1,3,3
2253,5,1,2
2254,3,2,5
2255,1,4,4
2256,5,5,4
2257,4,3,5
2258,2,5,4
2259,1,2,5
2260,3,1,4
2261,2,1,5
2262,4,4,3
2263,3,1,4
2264,1,2,3
2265,2,4,2
2266,5,3,2
2267,1,3,3
2268,2,3,2
2269,5,5,1
2270,4,4,3
2271,5,4,4
2272,5,5,3
2273,5,2,3
2274,2,5,1
2275,5,4,3
2276,5,2,2
2277,3,4,4
2278,5,4,2
2279,2,5,1
2280,4,2,5
2281,1,4,2
2282,1,5,3
2283,4,2,1
2284,1,4,4
2285,4,3,3
2286,4,4,4
2287,4,4,2
2288,5,1,4
2289,2,5,3
2290,4,1,3
2291,3,4,1
2292,5,1,1
2293,5,3,1
2294,4,4,4
2295,3,5,4
2296,4,4,5
2297,5,4,1
2298,3,2,1
2299,2,1,2
2300,5,1,2
2301,3,1,4
2302,2,5,3
2303,5,5,1
2304,5,1,2
2305,4,5,5
2306,3,4,3
2307,5,2,3
2308,1,2,3
2309,2,5,5
2310,4,1,3
2311,5,3,2
2312,1,4,3
2313,5,2,3
2314,4,1,3
2315,4,3,2
2316,4,2,5
2317,2,2,1
2318,2,1,5
2319,5,4,3
2320,5,1,3
2321,4,2,5
2322,4,3,4
2323,2,1,3
2324,1,2,4
2325,4,4,1
2326,3,1,4
2327,4,1,2
2328,1,4,3
2329,2,3,1
2330,3,4,5
2331,2,5,3
2332,1,1,1
2333,5,4,2
2334,3,3,5
2335,1,5,5
2336,5,1,5
2337,1,4,3
2338,2,3,5
2339,3,1,5
2340,4,5,3
2341,1,5,2
2342,1,4,3
2343,1,3,4
2344,2,5,5
2345,2,1,5
2346,5,3,1
2347,2,3,2
2348,4,4,2
2349,5,5,1
2350,1,4,5
2351,3,3,5
2352,2,3,3
2353,2,4,3
2354,5,1,1
2355,1,1,4
2356,4,1,1
2357,1,2,3
2358,5,3,3
2359,4,4,3
2360,4,4,3
2361,4,4,2
2362,5,4,5
2363,2,5,1
2364,4,2,4
2365,1,1,1
2366,4,2,5
2367,3,2,5
2368,5,2,1
2369,5,2,4
2370,1,2,4
2371,2,1,5
2372,3,4,5
2373,3,5,5
2374,1,2,1
2375,2,4,2
2376,5,2,4
2377,1,2,1
2378,2,5,3
2379,2,5,1
2380,2,1,3
2381,2,3,3
2382,4,3,4
2383,5,3,5
2384,2,2,2
2385,2,1,3
2386,1,4,3
2387,1,2,5
2388,5,2,4
2389,1,4,2
2390,1,5,4
2391,3,3,3
2392,4,3,2
2393,3,2,2
2394,4,1,1
2395,1,1,4
2396,3,4,2
2397,2,5,2
2398,4,3,3
2399,1,4,2
2400,4,4,3
2401,1,1,3
2402,3,2,2
2403,3,3,3
2404,3,3,1
2405,4,1,2
2406,1,4,4
2407,3,5,5
2408,2,5,5
2409,3,3,3
2410,4,4,1
2411,2,3,3
2412,5,4,5
2413,4,2,2
2414,1,1,5
2415,1,2,5
2416,4,5,1
2417,2,3,4
2418,3,2,5
2419,2,2,1
2420,4,3,1
2421,1,3,5
2422,5,4,5
2423,3,3,5
2424,2,1,4
2425,2,2,2
2426,5,5,3
2427,2,2,1
2428,2,5,5
2429,3,4,2
2430,2,1,1
2431,4,2,5
2432,1,1,2
2433,1,5,3
2434,5,2,5
2435,1,3,2
2436,1,3,3
2437,3,5,2
2438,4,1,4
2439,4,3,5
2440,2,5,2
2441,2,4,2
2442,2,1,5
2443,4,3,5
2444,1,1,5
2445,3,4,5
2446,1,2,5
2447,5,3,4
2448,2,2,5
2449,4,5,3
2450,5,3,2
2451,5,3,1
2452,3,3,1
2453,3,3,3
2454,1,4,3
2455,3,3,1
2456,4,5,3
2457,3,2,3
2458,5,3,1
2459,5,5,5
2460,3,4,2
2461,3,2,4
2462,4,1,2
2463,3,5,5
2464,2,3,2
2465,3,3,1
2466,2,4,1
2467,1,1,4
2468,5,4,3
2469,2,1,5
2470,5,5,2
2471,5,5,3
2472,5,2,3
2473,4,4,3
2474,4,5,2
2475,1,4,1
2476,3,5,5
2477,4,4,3
2478,4,4,1
2479,2,1,2
2480,3,2,3
2481,2,5,1
2482,4,2,5
2483,5,1,3
2484,1,2,2
2485,3,5,5
2486,1,1,5
2487,1,1,4
2488,2,4,5
2489,1,3,2
2490,2,2,4
2491,4,5,2
2492,3,2,5
2493,1,3,1
2494,1,1,1
2495,5,1,2
2496,2,3,3
2497,5,2,5
2498,5,3,5
2499,5,5,3
2500,1,3,5
2501,1,5,3
2502,3,3,5
2503,1,1,1
2504,1,5,3
2505,3,2,3
2506,3,3,2
2507,2,3,4
2508,1,4,1
2509,1,2,3
2510,2,2,2
2511,4,3,1
2512,1,4,2
2513,5,2,4
2514,5,2,2
2515,1,1,1
2516,5,1,5
2517,5,5,1
2518,4,2,1
2519,3,5,5
2520,2,1,1
2521,4,4,4
2522,3,3,2
2523,1,1,3
2524,3,3,4
2525,2,5,1
2526,1,1,1
2527,3,4,5
2528,2,4,2
2529,4,5,1
2530,4,1,1
2531,2,5,4
2532,1,1,4
2533,1,1,3
2534,2,2,5
2535,2,5,2
2536,2,1,2
2537,4,5,4
2538,5,4,5
2539,4,2,3
2540,3,4,4
2541,3,4,3
2542,2,1,3
2543,3,4,3
2544,2,3,2
2545,3,2,3
2546,4,4,5
2547,2,5,1
2548,2,5,3
2549,4,3,5
2550,3,1,1
2551,4,2,2
2552,3,2,3
2553,2,2,2
2554,5,1,4
2555,5,1,4
2556,4,1,3
2557,1,3,1
2558,2,4,5
2559,3,5,3
2560,5,1,5
2561,3,5,4
2562,1,4,3
2563,2,2,4
2564,1,4,4
2565,2,5,4
2566,3,2,2
2567,4,3,5
2568,3,5,2
2569,3,4,3
2570,3,3,1
2571,3,3,5
2572,1,1,2
2573,1,4,3
2574,3,1,4
2575,4,3,4
2576,2,4,1
2577,5,2,4
2578,4,5,3
2579,3,4,4
2580,1,2,4
2581,2,3,4
2582,3,2,5
2583,5,5,3
2584,4,4,5
2585,5,1,4
2586,2,4,2
2587,4,4,4
2588,5,1,5
2589,2,5,1
2590,1,1,4
2591,4,5,5
2592,5,1,2
2593,3,1,2
2594,1,5,3
2595,3,5,4
2596,4,1,2
2597,4,5,4
2598,5,3,2
2599,1,4,2
2600,5,2,4
2601,3,5,5
2602,5,5,2
2603,4,1,4
2604,1,1,2
2605,3,4,3
2606,1,5,1
2607,3,1,2
2608,1,4,5
2609,3,3,4
2610,5,1,2
2611,5,3,1
2612,2,2,5
2613,2,1,2
2614,5,1,1
2615,5,1,3
2616,3,1,3
2617,4,4,2
2618,5,3,3
2619,1,2,1
2620,4,3,4
2621,3,5,4
2622,3,5,1
2623,2,5,3
2624,1,4,3
2625,5,5,3
2626,1,4,2
2627,5,3,3
2628,5,4,2
2629,1,5,4
2630,1,5,4
2631,5,1,4
2632,1,4,2
2633,5,2,3
2634,3,5,3
2635,3,1,3
2636,5,3,3
2637,2,2,2
2638,1,2,2
2639,1,3,3
2640,1,5,2
2641,2,3,5
2642,2,3,1
2643,4,3,5
2644,4,1,2
2645,4,3,5
2646,4,2,2
2647,5,5,3
2648,4,2,1
2649,4,4,1
2650,1,1,1
2651,1,3,2
2652,1,4,2
2653,4,5,3
2654,4,1,3
2655,2,5,5
2656,5,4,3
2657,4,3,3
2658,3,1,1
2659,5,3,2
2660,5,1,1
2661,3,3,2
2662,4,1,1
2663,3,4,1
2664,5,2,2
2665,1,5,5
2666,5,5,3
2667,3,2,3
2668,4,4,1
2669,4,2,1
2670,4,2,1
2671,1,2,5
2672,5,2,2
2673,5,1,1
2674,1,1,4
2675,2,4,4
2676,4,3,4
2677,2,1,5
2678,5,3,3
2679,4,4,1
2680,1,4,4
2681,3,3,3
2682,1,2,2
2683,3,4,2
2684,3,4,2
2685,3,1,1
2686,5,3,4
2687,4,5,5
2688,2,3,3
2689,2,1,1
2690,1,3,2
2691,4,1,1
2692,4,5,2
2693,2,5,2
2694,3,4,4
2695,5,2,3
2696,3,1,3
2697,1,5,3
2698,5,4,5
2699,1,1,5
2700,3,5,1
2701,5,5,3
2702,5,1,2
2703,1,5,4
2704,2,4,4
2705,3,2,2
2706,3,2,5
2707,1,2,1
2708,1,3,5
2709,1,2,2
2710,4,2,3
2711,4,2,5
2712,3,2,5
2713,5,2,4
2714,3,1,3
2715,3,5,1
2716,3,2,2
2717,1,1,2
2718,3,5,5
2719,5,5,5
2720,3,3,2
2721,1,4,3
2722,3,4,2
2723,3,1,5
2724,5,3,4
2725,4,1,5
2726,2,4,2
2727,1,3,3
2728,3,2,1
2729,3,5,1
2730,2,3,4
2731,2,3,2
2732,1,5,3
2733,3,4,1
2734,2,2,3
2735,5,1,2
2736,4,2,2
2737,5,5,3
2738,4,3,1
2739,1,2,5
2740,2,5,1
2741,4,3,1
2742,5,3,4
2743,3,2,5
2744,2,4,2
2745,1,2,2
2746,4,4,5
2747,3,1,5
2748,5,2,5
2749,5,3,4
2750,3,4,4
2751,3,1,2
2752,3,5,1
2753,3,1,4
2754,1,5,1
2755,5,5,4
2756,1,3,1
2757,3,4,2
2758,1,3,1
2759,3,1,3
2760,2,1,4
2761,1,4,3
2762,3,1,2
2763,4,2,4
2764,2,4,3
2765,3,1,3
2766,3,5,5
2767,3,3,4
2768,2,1,5
2769,3,1,3
2770,1,2,3
2771,2,4,2
2772,2,4,5
2773,2,5,4
2774,1,5,3
2775,1,4,3
2776,5,3,5
2777,5,1,3
2778,1,1,4
2779,4,1,1
2780,3,5,2
2781,1,2,2
2782,3,5,3
2783,3,1,1
2784,4,3,4
2785,3,1,5
2786,4,3,1
2787,4,2,5
2788,4,1,3
2789,1,2,2
2790,1,5,2
2791,1,3,1
2792,3,4,4
2793,2,5,3
2794,5,4,4
2795,5,1,1
2796,2,4,2
2797,2,1,2
2798,3,4,2
2799,2,1,1
2800,1,2,2
2801,1,3,4
2802,2,3,5
2803,4,4,5
2804,5,4,2
2805,5,3,2
2806,1,3,1
2807,3,2,4
2808,5,2,4
2809,1,1,5
2810,2,5,5
2811,3,4,3
2812,3,2,5
2813,4,4,2
2814,4,1,1
2815,2,5,3
2816,4,2,4
2817,4,1,5
2818,4,3,3
2819,2,3,4
2820,2,1,5
2821,2,5,5
2822,2,3,3
2823,5,2,1
2824,1,4,1
2825,5,4,4
2826,4,3,4
2827,4,4,5
2828,5,5,3
2829,2,5,3
2830,1,2,2
2831,5,1,4
2832,4,5,5
2833,2,5,2
2834,5,3,3
2835,4,5,3
2836,5,4,1
2837,4,1,4
2838,4,4,2
2839,1,4,5
2840,3,2,3
2841,2,2,2
2842,2,1,5
2843,5,1,4
2844,2,5,2
2845,3,4,2
2846,1,1,4
2847,1,2,2
2848,2,1,1
2849,5,1,1
2850,4,1,4
2851,4,3,3
2852,2,1,2
2853,5,1,1
2854,1,3,4
2855,3,5,5
2856,4,5,2
2857,5,2,5
2858,1,2,5
2859,1,3,3
2860,2,1,4
2861,2,4,5
2862,1,2,3
2863,2,2,1
2864,1,3,4
2865,2,2,3
2866,3,3,2
2867,3,1,3
2868,3,4,1
2869,2,5,4
2870,5,3,2
2871,2,5,2
2872,3,5,1
2873,4,2,3
2874,3,5,1
2875,3,5,4
2876,3,3,2
2877,2,4,1
2878,2,3,3
2879,1,5,2
2880,1,1,2
2881,5,4,1
2882,3,2,5
2883,4,3,4
2884,3,2,4
2885,1,5,5
2886,5,5,1
2887,5,1,1
2888,5,2,5
2889,2,2,1
2890,3,5,5
2891,5,2,3
2892,2,1,5
2893,3,1,1
2894,1,4,4
2895,1,2,5
2896,5,4,1
2897,3,5,2
2898,1,4,3
2899,1,5,3
2900,1,4,1
2901,1,4,5
2902,5,4,3
2903,3,3,5
2904,4,2,4
2905,2,5,1
2906,2,5,4
2907,1,4,5
2908,4,2,5
2909,2,4,4
2910,5,1,3
2911,5,2,2
2912,3,5,3
2913,4,1,2
2914,5,3,3
2915,3,4,2
2916,4,4,2
2917,1,4,5
2918,4,3,1
2919,5,1,2
2920,2,4,4
2921,5,2,3
2922,4,2,5
2923,5,1,2
2924,5,4,4
2925,1,3,1
2926,1,1,1
2927,4,2,2
2928,5,4,1
2929,1,3,4
2930,1,4,2
2931,5,4,4
2932,4,4,3
2933,3,1,4
2934,4,3,1
2935,5,1,1
2936,4,3,1
2937,1,4,4
2938,2,5,1
2939,4,3,3
2940,5,1,3
2941,5,2,5
2942,3,3,4
2943,4,1,5
2944,2,4,1
2945,4,2,1
2946,4,5,3
2947,3,4,2
2948,2,4,5
2949,2,2,2
2950,3,3,5
2951,3,1,3
2952,5,3,2
2953,2,3,4
2954,5,2,1
2955,5,2,3
2956,5,4,1
2957,1,3,4
2958,1,2,4
2959,1,5,2
2960,2,4,3
2961,2,2,4
2962,1,2,3
2963,1,3,2
2964,4,1,3
2965,4,4,5
2966,5,2,5
2967,2,3,1
2968,1,5,4
2969,4,5,5
2970,5,5,5
2971,3,5,4
2972,3,4,3
2973,1,3,3
2974,4,5,4
2975,2,3,4
2976,4,3,1
2977,2,4,3
2978,5,2,4
2979,4,5,4
2980,1,3,5
2981,5,3,2
2982,5,4,3
2983,4,5,4
2984,4,1,1
2985,3,5,2
2986,4,5,3
2987,4,3,3
2988,4,4,4
2989,2,3,3
2990,2,2,3
2991,5,5,3
2992,1,4,2
2993,5,5,1
2994,5,5,3
2995,1,5,2
2996,3,2,2
2997,1,2,5
2998,4,3,3
2999,2,1,4
3000,2,2,5
3001,5,4,3
3002,3,3,3
3003,4,3,5
3004,4,3,4
3005,4,5,1
3006,3,5,2
3007,2,5,3
3008,2,1,4
3009,1,2,4
3010,1,5,5
3011,4,4,3
3012,3,5,1
3013,5,2,4
3014,3,4,2
3015,5,5,5
3016,3,1,2
3017,3,5,3
3018,1,1,4
3019,3,4,2
3020,2,5,1
3021,5,3,4
3022,2,2,3
3023,3,5,3
3024,4,5,5
3025,3,4,5
3026,3,2,4
3027,3,2,4
3028,5,4,1
3029,1,1,3
3030,2,2,5
3031,2,3,2
3032,1,3,2
3033,3,3,5
3034,1,4,2
3035,2,4,5
3036,1,4,2
3037,3,4,2
3038,5,5,5
3039,4,2,1
3040,5,1,4
3041,5,5,4
3042,4,1,2
3043,5,3,3
3044,1,1,3
3045,5,4,1
3046,2,5,3
3047,4,2,1
3048,2,2,3
3049,5,3,2
3050,1,3,4
3051,3,5,5
3052,5,1,3
3053,2,1,3
3054,5,5,2
3055,5,1,3
3056,5,5,2
3057,1,2,5
3058,4,1,1
3059,2,1,3
3060,5,2,4
3061,5,1,3
3062,3,4,1
3063,1,5,1
3064,2,2,5
3065,3,1,2
3066,5,4,1
3067,3,1,2
3068,3,2,1
3069,1,2,3
3070,1,5,4
3071,1,4,2
3072,2,4,1
3073,2,3,5
3074,1,3,2
3075,5,3,1
3076,2,1,5
3077,2,1,2
3078,1,1,5
3079,3,5,3
3080,3,3,5
3081,3,3,1
3082,4,3,4
3083,4,4,3
3084,5,3,3
3085,4,3,5
3086,4,2,2
3087,4,3,4
3088,5,3,5
3089,5,3,5
3090,3,2,4
3091,2,2,4
3092,4,4,1
3093,3,4,5
3094,2,3,1
3095,5,2,3
3096,1,3,2
3097,5,3,4
3098,3,5,4
3099,5,4,4
3100,1,5,2
3101,5,4,1
3102,1,2,3
3103,2,5,2
3104,5,2,3
3105,2,1,2
3106,5,1,2
3107,2,1,4
3108,1,4,1
3109,1,2,1
3110,1,2,1
3111,2,5,2
3112,5,2,3
3113,5,2,5
3114,2,2,2
3115,1,3,5
3116,2,1,4
3117,2,3,1
3118,3,2,3
3119,4,5,2
3120,1,5,3
3121,4,1,3
3122,1,1,5
3123,5,2,2
3124,2,4,2
3125,3,5,4
3126,4,5,1
3127,4,5,5
3128,3,5,4
3129,4,2,4
3130,4,3,3
3131,3,2,5
3132,2,2,1
3133,1,5,1
3134,3,2,1
3135,1,2,1
3136,5,3,5
3137,1,2,4
3138,5,3,1
3139,3,2,1
3140,1,1,1
3141,3,1,4
3142,4,5,1
3143,1,4,1
3144,3,4,3
3145,1,2,1
3146,5,1,1
3147,2,2,5
3148,4,5,1
3149,2,1,4
3150,3,2,2
3151,3,3,1
3152,1,3,1
3153,1,5,3
3154,1,3,5
3155,2,5,4
3156,4,2,2
3157,4,1,3
3158,1,1,3
3159,1,1,2
3160,5,5,3
3161,1,5,4
3162,4,4,2
3163,2,4,5
3164,4,2,3
3165,1,5,5
3166,2,4,1
3167,5,2,1
3168,5,2,2
3169,3,2,3
3170,1,3,2
3171,4,1,5
3172,2,3,1
3173,5,4,3
3174,1,5,5
3175,5,4,1
3176,5,3,5
3177,3,4,2
3178,5,2,1
3179,5,2,1
3180,2,1,1
3181,5,4,1
3182,3,3,4
3183,1,1,4
3184,3,1,4
3185,5,4,5
3186,5,2,3
3187,4,2,2
3188,5,2,4
3189,4,3,4
3190,4,5,5
3191,1,2,2
3192,5,4,1
3193,1,1,5
3194,2,5,5
3195,5,4,1
3196,3,3,1
3197,5,5,2
3198,1,3,1
3199,1,4,4
3200,5,1,3
3201,1,4,5
3202,2,5,1
3203,4,4,2
3204,4,1,1
3205,3,1,3
3206,2,4,4
3207,4,4,5
3208,5,1,3
3209,3,3,1
3210,3,5,1
3211,1,5,3
3212,2,5,4
3213,2,5,1
3214,3,1,2
3215,4,3,5
3216,1,4,3
3217,1,2,1
3218,2,2,5
3219,3,3,4
3220,5,4,3
3221,1,3,5
3222,2,5,1
3223,4,4,2
3224,2,4,5
3225,3,1,1
3226,1,2,3
3227,3,5,2
3228,3,5,3
3229,4,3,4
3230,4,3,1
3231,5,3,3
3232,5,2,3
3233,5,3,1
3234,1,3,4
3235,3,4,1
3236,2,4,1
3237,5,1,2
3238,5,3,5
3239,5,2,5
3240,2,5,4
3241,1,5,3
3242,3,3,1
3243,2,3,1
3244,2,1,1
3245,3,5,2
3246,1,1,4
3247,2,5,4
3248,4,3,3
3249,3,2,5
3250,1,1,3
3251,5,1,2
3252,1,3,1
3253,1,3,1
3254,2,4,1
3255,1,4,1
3256,4,1,4
3257,1,3,5
3258,4,4,3
3259,5,2,1
3260,5,2,1
3261,2,2,1
3262,4,3,3
3263,1,3,2
3264,1,4,3
3265,4,3,2
3266,1,2,3
3267,1,5,2
3268,1,5,4
3269,1,5,2
3270,5,5,4
3271,1,5,1
3272,5,5,2
3273,4,5,4
3274,3,5,4
3275,1,2,3
3276,2,2,4
3277,3,2,3
3278,1,4,4
3279,5,2,1
3280,4,5,4
3281,4,4,4
3282,5,1,1
3283,1,3,3
3284,2,4,1
3285,3,3,3
3286,3,1,4
3287,5,1,2
3288,1,5,2
3289,3,5,1
3290,1,1,2
3291,1,1,3
3292,5,4,3
3293,5,3,4
3294,3,2,2
3295,1,2,1
3296,1,4,5
3297,2,3,3
3298,3,4,4
3299,4,1,2
3300,1,1,3
3301,2,2,2
3302,5,1,2
3303,1,2,1
3304,2,4,2
3305,5,4,5
3306,3,5,1
3307,2,4,1
3308,1,3,2
3309,2,3,5
3310,4,5,5
3311,5,2,1
3312,3,1,4
3313,1,2,2
3314,1,4,1
3315,5,3,4
3316,2,1,2
3317,1,5,5
3318,4,3,3
3319,5,3,4
3320,1,4,4
3321,4,1,3
3322,2,5,4
3323,5,3,5
3324,3,2,5
3325,4,5,5
3326,4,1,3
3327,5,1,1
3328,2,5,4
3329,4,4,3
3330,1,3,3
3331,1,5,5
3332,2,4,5
3333,2,3,1
3334,1,4,2
3335,5,1,3
3336,4,4,2
3337,5,5,2
3338,3,2,4
3339,1,1,3
3340,5,2,3
3341,3,5,3
3342,3,4,1
3343,4,2,5
3344,5,4,1
3345,1,1,3
3346,5,3,2
3347,4,2,1
3348,5,2,1
3349,1,4,3
3350,2,1,1
3351,4,2,3
3352,2,5,2
3353,2,3,2
3354,1,4,1
3355,1,3,3
3356,2,5,1
3357,3,3,1
3358,1,1,2
3359,3,1,3
3360,4,4,1
3361,1,3,3
3362,1,5,1
3363,4,4,2
3364,1,5,2
3365,1,1,4
3366,4,5,5
3367,4,1,5
3368,5,1,4
3369,2,5,4
3370,3,5,3
3371,4,2,5
3372,1,3,1
3373,2,4,4
3374,1,3,3
3375,2,4,3
3376,4,1,2
3377,3,5,3
3378,5,1,4
3379,2,1,4
3380,4,3,2
3381,1,5,2
3382,3,5,5
3383,3,2,3
3384,2,1,2
3385,2,1,4
3386,2,1,5
3387,1,3,4
3388,3,1,3
3389,2,3,1
3390,2,4,2
3391,4,3,1
3392,3,4,2
3393,3,4,4
3394,1,5,5
3395,4,4,3
3396,4,3,3
3397,3,3,2
3398,5,2,1
3399,4,4,5
3400,2,5,3
3401,4,4,1
3402,1,4,4
3403,4,4,3
3404,4,1,1
3405,2,1,1
3406,5,5,4
3407,1,3,5
3408,2,2,4
3409,5,5,4
3410,4,3,4
3411,2,3,2
3412,5,4,4
3413,1,2,5
3414,5,2,4
3415,2,5,1
3416,1,2,1
3417,2,5,5
3418,5,3,4
3419,2,5,2
3420,2,3,3
3421,5,4,2
3422,1,1,3
3423,4,5,3
3424,2,4,5
3425,5,2,3
3426,1,3,2
3427,1,2,3
3428,2,1,5
3429,1,2,1
3430,5,5,4
3431,2,5,3
3432,2,3,5
3433,1,5,2
3434,1,4,2
3435,4,3,3
3436,5,5,2
3437,3,2,5
3438,4,2,5
3439,1,2,5
3440,1,4,5
3441,4,2,5
3442,2,5,3
3443,2,2,4
3444,1,2,4
3445,4,5,2
3446,4,3,5
3447,5,1,4
3448,5,1,5
3449,3,2,1
3450,4,3,5
3451,5,1,2
3452,5,5,2
3453,5,5,3
3454,4,4,2
3455,2,1,1
3456,4,3,4
3457,5,1,4
3458,2,5,5
3459,4,4,3
3460,4,3,3
3461,1,4,4
3462,3,3,1
3463,4,3,4
3464,2,5,3
3465,5,4,3
3466,1,3,4
3467,4,3,2
3468,3,1,3
3469,5,5,1
3470,1,2,3
3471,2,4,1
3472,5,5,4
3473,3,4,4
3474,3,1,2
3475,4,3,4
3476,5,5,3
3477,1,2,1
3478,3,4,1
3479,4,4,4
3480,1,5,3
3481,5,2,4
3482,4,5,5
3483,1,4,5
3484,1,2,4
3485,2,1,3
3486,3,1,1
3487,5,4,1
3488,1,5,1
3489,2,4,5
3490,5,3,2
3491,3,4,5
3492,1,5,5
3493,3,1,5
3494,1,2,1
3495,4,3,5
3496,1,3,2
3497,2,3,4
3498,3,3,4
3499,5,3,5
3500,4,1,4
3501,2,3,4
3502,5,3,5
3503,5,2,3
3504,3,4,3
3505,4,3,2
3506,2,2,3
3507,2,5,2
3508,1,5,4
3509,4,5,2
3510,2,4,3
3511,5,4,5
3512,5,1,3
3513,4,1,3
3514,2,1,1
3515,3,5,5
3516,2,3,5
3517,4,1,1
3518,4,2,5
3519,1,3,4
3520,5,1,1
3521,1,3,3
3522,1,5,4
3523,3,2,3
3524,3,2,4
3525,1,2,1
3526,1,5,3
3527,1,3,2
3528,5,2,2
3529,2,3,4
3530,1,2,5
3531,2,4,4
3532,2,2,5
3533,2,5,2
3534,4,3,2
3535,1,5,1
3536,1,2,4
3537,4,2,5
3538,1,5,4
3539,3,3,4
3540,2,2,3
3541,1,3,3
3542,2,3,4
3543,4,5,5
3544,3,5,3
3545,2,5,2
3546,2,5,5
3547,2,4,2
3548,5,5,3
3549,1,4,1
3550,3,5,4
3551,4,4,3
3552,3,4,2
3553,4,2,4
3554,2,1,2
3555,2,5,1
3556,2,2,3
3557,4,5,2
3558,2,5,3
3559,3,2,1
3560,2,4,5
3561,2,1,5
3562,2,1,3
3563,4,1,3
3564,4,4,3
3565,5,5,5
3566,1,2,3
3567,2,3,2
3568,2,4,1
3569,1,3,5
3570,2,5,3
3571,4,1,5
3572,5,5,5
3573,4,1,1
3574,3,3,3
3575,5,1,5
3576,2,3,3
3577,5,4,5
3578,1,4,2
3579,5,3,3
3580,2,4,3
3581,3,4,4
3582,2,2,5
3583,4,1,4
3584,2,2,5
3585,1,2,3
3586,4,2,4
3587,1,2,2
3588,4,2,1
3589,2,3,2
3590,2,5,4
3591,2,1,4
3592,4,1,2
3593,4,4,3
3594,1,5,1
3595,2,3,1
3596,4,3,4
3597,5,4,4
3598,2,5,4
3599,4,4,2
3600,2,1,4
3601,1,1,2
3602,3,3,3
3603,5,1,3
3604,3,5,4
3605,5,1,3
3606,3,5,1
3607,2,4,1
3608,1,3,1
3609,2,2,4
3610,4,5,5
3611,2,3,4
3612,5,3,3
3613,1,5,2
3614,4,5,1
3615,3,1,4
3616,1,1,1
3617,2,3,3
3618,3,4,5
3619,1,5,2
3620,1,2,2
3621,2,3,2
3622,3,1,5
3623,2,2,5
3624,2,2,2
3625,5,2,4
3626,2,5,1
3627,1,1,4
3628,4,3,1
3629,2,4,4
3630,5,3,2
3631,4,1,5
3632,3,4,5
3633,4,4,4
3634,2,5,2
3635,1,5,4
3636,3,5,3
3637,2,1,3
3638,4,5,1
3639,3,2,3
3640,2,1,2
3641,2,5,4
3642,4,1,2
3643,1,5,3
3644,4,4,4
3645,1,3,3
3646,5,4,4
3647,2,4,4
3648,3,3,5
3649,1,2,2
3650,3,2,4
3651,1,4,1
3652,1,5,2
3653,4,4,3
3654,2,4,1
3655,1,5,1
3656,5,3,2
3657,4,2,4
3658,5,4,2
3659,3,1,5
3660,3,2,4
3661,3,2,5
3662,3,5,3
3663,2,3,4
3664,5,3,2
3665,5,2,1
3666,5,2,1
3667,1,1,2
3668,1,5,1
3669,4,2,4
3670,2,2,3
3671,3,4,5
3672,3,2,4
3673,3,3,1
3674,4,4,3
3675,5,3,2
3676,3,4,1
3677,3,5,5
3678,3,4,4
3679,4,2,5
3680,3,2,3
3681,5,2,5
3682,3,3,3
3683,2,1,5
3684,5,5,3
3685,4,3,4
3686,3,3,1
3687,2,4,5
3688,4,4,4
3689,4,4,3
3690,4,3,5
3691,1,1,5
3692,4,5,3
3693,3,1,1
3694,3,3,5
3695,1,1,4
3696,2,1,2
3697,3,4,1
3698,2,5,4
3699,2,4,3
3700,4,1,1
3701,4,1,4
3702,2,4,1
3703,5,5,5
3704,2,4,5
3705,3,1,4
3706,2,1,4
3707,3,2,4
3708,5,5,2
3709,3,5,3
3710,5,5,3
3711,4,3,3
3712,2,3,1
3713,3,4,1
3714,3,5,2
3715,1,1,4
3716,5,3,3
3717,4,1,3
3718,1,1,3
3719,1,2,1
3720,2,1,5
3721,5,4,5
3722,1,5,5
3723,2,1,4
3724,1,2,5
3725,4,3,3
3726,1,4,1
3727,1,2,5
3728,5,1,2
3729,4,5,3
3730,4,5,5
3731,2,4,1
3732,3,4,4
3733,1,3,5
3734,4,5,2
3735,4,4,4
3736,3,1,3
3737,2,5,1
3738,3,3,5
3739,1,3,4
3740,2,2,4
3741,2,5,4
3742,2,1,1
3743,2,1,3
3744,4,3,2
3745,5,4,4
3746,2,1,5
3747,2,5,5
3748,4,1,3
3749,1,3,3
3750,4,1,5
3751,1,1,4
3752,3,1,5
3753,1,3,2
3754,3,3,5
3755,5,4,2
3756,1,5,3
3757,4,4,5
3758,2,1,1
3759,3,4,1
3760,4,3,1
3761,2,4,1
3762,2,1,1
3763,3,2,5
3764,2,1,5
3765,1,1,2
3766,4,4,5
3767,2,5,3
3768,2,4,1
3769,3,5,3
3770,1,3,3
3771,2,2,4
3772,2,5,1
3773,1,5,2
3774,5,3,1
3775,2,1,3
3776,4,1,5
3777,4,3,2
3778,1,5,3
3779,4,1,1
3780,2,3,2
3781,5,3,1
3782,1,5,1
3783,3,4,3
3784,3,3,2
3785,3,2,2
3786,3,4,2
3787,1,2,1
3788,3,4,2
3789,3,1,4
3790,3,2,1
3791,4,1,1
3792,2,2,2
3793,2,3,3
3794,1,1,3
3795,4,3,2
3796,1,5,2
3797,3,4,2
3798,1,1,1
3799,3,1,3
3800,5,3,5
3801,2,1,4
3802,3,3,5
3803,1,2,5
3804,3,2,2
3805,2,5,2
3806,4,1,5
3807,4,5,4
3808,5,4,4
3809,3,1,5
3810,3,3,1
3811,1,1,1
3812,3,3,1
3813,2,3,4
3814,4,1,2
3815,1,5,3
3816,1,1,5
3817,3,3,1
3818,1,1,3
3819,4,1,1
3820,1,3,4
3821,5,4,4
3822,4,4,5
3823,5,4,1
3824,4,4,5
3825,4,4,2
3826,2,1,3
3827,3,3,4
3828,2,5,1
3829,3,2,1
3830,1,1,3
3831,3,2,5
3832,1,4,5
3833,3,5,2
3834,3,5,5
3835,5,3,1
3836,2,3,5
3837,5,3,1
3838,1,1,2
3839,3,3,4
3840,1,5,4
3841,5,4,4
3842,2,5,5
3843,3,5,5
3844,3,2,5
3845,4,5,3
3846,4,5,1
3847,5,3,1
3848,5,1,4
3849,3,3,1
3850,1,3,5
3851,5,2,1
3852,5,2,4
3853,1,3,3
3854,5,2,5
3855,5,3,4
3856,5,1,4
3857,1,1,2
3858,3,3,1
3859,1,2,5
3860,2,4,3
3861,3,1,5
3862,3,1,3
3863,4,2,1
3864,3,4,2
3865,1,4,3
3866,2,1,5
3867,5,3,3
3868,3,1,2
3869,1,4,2
3870,1,5,1
3871,4,5,2
3872,5,5,3
3873,3,4,5
3874,4,4,5
3875,5,5,1
3876,3,2,5
3877,3,3,4
3878,4,4,1
3879,1,5,2
3880,4,3,1
3881,5,3,5
3882,5,3,3
3883,2,2,1
3884,4,2,3
3885,5,5,5
3886,5,2,5
3887,2,3,5
3888,3,1,4
3889,2,1,1
3890,2,3,3
3891,3,2,2
3892,5,4,2
3893,3,1,2
3894,4,3,5
3895,2,1,2
3896,5,3,1
3897,5,4,3
3898,4,5,1
3899,4,5,4
3900,5,2,1
3901,1,2,5
3902,3,1,1
3903,1,4,3
3904,4,4,1
3905,5,5,5
3906,3,2,4
3907,3,2,5
3908,2,5,3
3909,1,1,2
3910,5,3,4
3911,2,5,4
3912,1,3,4
3913,2,2,5
3914,3,5,3
3915,5,3,1
3916,1,3,1
3917,3,1,4
3918,3,3,5
3919,3,3,2
3920,2,1,4
3921,4,3,2
3922,5,3,1
3923,2,4,3
3924,2,4,5
3925,1,3,3
3926,4,1,4
3927,5,4,1
3928,4,2,1
3929,2,5,2
3930,4,4,4
3931,2,1,5
3932,5,5,4
3933,3,4,5
3934,3,3,2
3935,5,1,4
3936,5,3,4
3937,1,3,1
3938,1,1,1
3939,5,2,4
3940,5,4,3
3941,2,3,3
3942,3,4,1
3943,5,2,2
3944,5,3,4
3945,4,4,2
3946,1,3,4
3947,4,3,1
3948,4,4,2
3949,5,2,5
3950,2,3,5
3951,4,1,3
3952,1,4,1
3953,3,4,4
3954,5,1,5
3955,2,1,1
3956,4,5,2
3957,3,2,4
3958,5,3,1
3959,5,4,5
3960,3,4,1
3961,2,5,2
3962,4,3,3
3963,4,1,5
3964,5,2,3
3965,4,1,2
3966,5,5,5
3967,5,3,4
3968,5,5,1
3969,4,5,2
3970,5,1,5
3971,3,3,2
3972,5,4,1
3973,3,2,1
3974,4,5,1
3975,1,4,3
3976,4,5,1
3977,1,5,4
3978,4,3,5
3979,3,5,2
3980,4,2,5
3981,1,2,4
3982,1,1,1
3983,4,3,1
3984,5,5,4
3985,5,4,2
3986,4,3,2
3987,5,4,1
3988,5,2,5
3989,2,1,1
3990,2,2,1
3991,2,3,2
3992,4,3,1
3993,3,4,4
3994,3,5,2
3995,4,5,2
3996,3,5,1
3997,2,4,1
3998,5,5,2
3999,5,4,2
4000,3,2,1
